,bleu,dropout,loss,lr,step,member
0,0.0,0.1,10.06332778930664,-4.0,100,140659243877152
1,0.0,0.1,7.365302562713623,-4.0,200,140659243877152
2,0.0,0.1,6.555247783660889,-4.0,300,140659243877152
3,0.0,0.1,6.076269149780273,-4.0,400,140659243877152
4,0.0,0.1,5.774913311004639,-4.0,500,140659243877152
5,0.0,0.1,5.609186172485352,-4.0,600,140659243877152
6,0.0,0.1,5.542661666870117,-4.0,700,140659243877152
7,0.0,0.1,5.520475387573242,-4.0,800,140659243877152
8,0.0,0.1,5.5110063552856445,-4.0,900,140659243877152
9,0.0,0.1,5.5066399574279785,-4.0,1000,140659243877152
10,0.0,0.1,5.503385066986084,-4.0,1100,140659243877152
11,0.0,0.1,5.501109600067139,-4.0,1200,140659243877152
12,0.0,0.1,5.498585224151611,-4.0,1300,140659243877152
13,0.0,0.1,5.4116411209106445,-4.0,1400,140659243877152
14,0.0,0.1,5.3071393966674805,-4.0,1500,140659243877152
15,0.0,0.1,5.224729537963867,-4.0,1600,140659243877152
16,0.0,0.1,5.151372909545898,-4.0,1700,140659243877152
17,0.0,0.1,5.089923858642578,-4.0,1800,140659243877152
18,0.0,0.1,5.043195724487305,-4.0,1900,140659243877152
19,0.006229651305256083,0.4,4.185749053955078,-2.4000000953674316,2000,140659243877152
20,0.003501748143390906,0.4,4.190212249755859,-2.4000000953674316,2100,140659243877152
21,0.008746184517254622,0.4,4.078541278839111,-2.4000000953674316,2200,140659243877152
22,0.012731310468719876,0.4,3.972306489944458,-2.4000000953674316,2300,140659243877152
23,0.014778206736751556,0.4,3.8711812496185303,-2.4000000953674316,2400,140659243877152
24,0.021513757804174555,0.4,3.77653169631958,-2.4000000953674316,2500,140659243877152
25,0.026378770752040825,0.4,3.6822662353515625,-2.4000000953674316,2600,140659243877152
26,0.03378367001822951,0.4,3.5825421810150146,-2.4000000953674316,2700,140659243877152
27,0.03944446677176847,0.4,3.506154775619507,-2.4000000953674316,2800,140659243877152
28,0.04278715928067163,0.4,3.4291281700134277,-2.4000000953674316,2900,140659243877152
29,0.048546165957464346,0.4,3.356193780899048,-2.4000000953674316,3000,140659243877152
30,0.05083564549229911,0.4,3.2980000972747803,-2.4000000953674316,3100,140659243877152
31,0.05593876607398015,0.4,3.2400717735290527,-2.4000000953674316,3200,140659243877152
32,0.059364763820644026,0.4,3.1966185569763184,-2.4000000953674316,3300,140659243877152
33,0.06321964452283618,0.4,3.1488115787506104,-2.4000000953674316,3400,140659243877152
34,0.06249007797799154,0.4,3.111435651779175,-2.4000000953674316,3500,140659243877152
35,0.06718989476057334,0.4,3.0709598064422607,-2.4000000953674316,3600,140659243877152
36,0.06527733503273113,0.4,3.037391424179077,-2.4000000953674316,3700,140659243877152
37,0.06987498186826342,0.4,3.005507707595825,-2.4000000953674316,3800,140659243877152
38,0.07158000761694591,0.4,2.985841989517212,-2.4000000953674316,3900,140659243877152
39,0.07529946513942502,0.4,2.9520761966705322,-2.4000000953674316,4000,140659243877152
40,0.07780297657926649,0.4,2.915769338607788,-2.4000000953674316,4100,140659243877152
41,0.0786982486357934,0.4,2.8975207805633545,-2.4000000953674316,4200,140659243877152
42,0.07771225636117667,0.4,2.885659694671631,-2.4000000953674316,4300,140659243877152
43,0.08101196639116566,0.4,2.8655266761779785,-2.4000000953674316,4400,140659243877152
44,0.0822668877408978,0.4,2.831740379333496,-2.4000000953674316,4500,140659243877152
45,0.08635444398587001,0.4,2.8133177757263184,-2.4000000953674316,4600,140659243877152
46,0.08470529929347168,0.4,2.791325092315674,-2.4000000953674316,4700,140659243877152
47,0.08673444931573239,0.4,2.776577949523926,-2.4000000953674316,4800,140659243877152
48,0.08266770151789653,0.4,2.7651526927948,-2.4000000953674316,4900,140659243877152
49,0.08803647298428109,0.4,2.750303268432617,-2.4000000953674316,5000,140659243877152
50,0.08603156634978654,0.4,2.7329087257385254,-2.4000000953674316,5100,140659243877152
51,0.09003104373205327,0.4,2.7122397422790527,-2.4000000953674316,5200,140659243877152
52,0.09156385040151159,0.4,2.6963062286376953,-2.4000000953674316,5300,140659243877152
53,0.09455372001222087,0.4,2.686354160308838,-2.4000000953674316,5400,140659243877152
54,0.09012043577170938,0.4,2.6770284175872803,-2.4000000953674316,5500,140659243877152
55,0.09670348668502003,0.4,2.6635634899139404,-2.4000000953674316,5600,140659243877152
56,0.09486196425958238,0.4,2.6475870609283447,-2.4000000953674316,5700,140659243877152
57,0.09502020128206637,0.4,2.6427669525146484,-2.4000000953674316,5800,140659243877152
58,0.09939891446585586,0.4,2.636434316635132,-2.4000000953674316,5900,140659243877152
59,0.09569256403638701,0.4,2.6185593605041504,-2.4000000953674316,6000,140659243877152
60,0.09798147327096,0.4,2.612351179122925,-2.4000000953674316,6100,140659243877152
61,0.09867792428590952,0.4,2.6034860610961914,-2.4000000953674316,6200,140659243877152
62,0.09787396470232436,0.4,2.5959908962249756,-2.4000000953674316,6300,140659243877152
63,0.09726484665748128,0.4,2.59089732170105,-2.4000000953674316,6400,140659243877152
64,0.10042018527085916,0.4,2.583766460418701,-2.4000000953674316,6500,140659243877152
65,0.1015693581358204,0.4,2.568943738937378,-2.4000000953674316,6600,140659243877152
66,0.10019352066728476,0.4,2.5598320960998535,-2.4000000953674316,6700,140659243877152
67,0.10301678589136004,0.4,2.554619073867798,-2.4000000953674316,6800,140659243877152
68,0.10133781616214659,0.4,2.543250560760498,-2.4000000953674316,6900,140659243877152
69,0.10200507222223029,0.4,2.5394208431243896,-2.4000000953674316,7000,140659243877152
70,0.10190909885018523,0.4,2.5260841846466064,-2.4000000953674316,7100,140659243877152
71,0.09913092298700055,0.4,2.5241196155548096,-2.4000000953674316,7200,140659243877152
72,0.10784634819243896,0.4,2.5376150608062744,-2.4000000953674316,7300,140659243877152
73,0.10434763069315744,0.4,2.5125539302825928,-2.4000000953674316,7400,140659243877152
74,0.10249322332549164,0.4,2.508164882659912,-2.4000000953674316,7500,140659243877152
75,0.10381464449388735,0.4,2.500572443008423,-2.4000000953674316,7600,140659243877152
76,0.10536691253045445,0.4,2.4919371604919434,-2.4000000953674316,7700,140659243877152
77,0.10506310296704134,0.4,2.4892067909240723,-2.4000000953674316,7800,140659243877152
78,0.10299144016193829,0.4,2.486550807952881,-2.4000000953674316,7900,140659243877152
79,0.10247138691747429,0.4,2.476382255554199,-2.4000000953674316,8000,140659243877152
80,0.10612058108215826,0.4,2.4741878509521484,-2.4000000953674316,8100,140659243877152
81,0.10569675431576617,0.4,2.466855049133301,-2.4000000953674316,8200,140659243877152
82,0.10482817391795594,0.4,2.4697039127349854,-2.4000000953674316,8300,140659243877152
83,0.10713921410256143,0.4,2.462291955947876,-2.4000000953674316,8400,140659243877152
84,0.10650271746694177,0.4,2.461280584335327,-2.4000000953674316,8500,140659243877152
85,0.1040165675603258,0.4,2.4527838230133057,-2.4000000953674316,8600,140659243877152
86,0.10916837355393313,0.4,2.441537618637085,-2.4000000953674316,8700,140659243877152
87,0.10781263407175498,0.4,2.439481735229492,-2.4000000953674316,8800,140659243877152
88,0.10864800235009897,0.4,2.4359445571899414,-2.4000000953674316,8900,140659243877152
89,0.10857905782305827,0.4,2.4370408058166504,-2.4000000953674316,9000,140659243877152
0,0.0,0.5,5.569338798522949,-3.0,100,140659171001120
1,0.0,0.5,5.503324031829834,-3.0,200,140659171001120
2,0.0,0.5,5.088796615600586,-3.0,300,140659171001120
3,0.00016059913769059925,0.5,4.942530632019043,-3.0,400,140659171001120
4,0.0006971148980021438,0.5,4.830716609954834,-3.0,500,140659171001120
5,0.0007587384942369602,0.5,4.760270595550537,-3.0,600,140659171001120
6,0.0013607955866314757,0.5,4.694459915161133,-3.0,700,140659171001120
7,0.002322347862832872,0.5,4.634949684143066,-3.0,800,140659171001120
8,0.001324263993188745,0.5,4.580693244934082,-3.0,900,140659171001120
9,0.003079011583566408,0.5,4.536167144775391,-3.0,1000,140659171001120
10,0.002842028039520818,0.5,4.4915361404418945,-3.0,1100,140659171001120
11,0.00392641559722095,0.5,4.440255165100098,-3.0,1200,140659171001120
12,0.002299315279137602,0.5,4.40129280090332,-3.0,1300,140659171001120
13,0.0026565363823008985,0.5,4.366775035858154,-3.0,1400,140659171001120
14,0.004776426119971477,0.5,4.333931922912598,-3.0,1500,140659171001120
15,0.006083740156683488,0.5,4.30623722076416,-3.0,1600,140659171001120
16,0.007139274818021893,0.5,4.269521713256836,-3.0,1700,140659171001120
17,0.006052424630799142,0.5,4.247900009155273,-3.0,1800,140659171001120
18,0.007135380027149635,0.5,4.2107930183410645,-3.0,1900,140659171001120
19,0.006229651305256083,0.5,4.185749053955078,-3.0,2000,140659171001120
20,0.006126993194360048,0.5,4.159763813018799,-3.0,2100,140659171001120
21,0.0035014945996048666,0.5,4.136915683746338,-3.0,2200,140659171001120
22,0.005385478552799374,0.5,4.107982158660889,-3.0,2300,140659171001120
23,0.006372403766306333,0.5,4.089670658111572,-3.0,2400,140659171001120
24,0.0074588980922019425,0.5,4.062374591827393,-3.0,2500,140659171001120
25,0.007732419225832811,0.5,4.039439678192139,-3.0,2600,140659171001120
26,0.007595486145230634,0.5,4.020055770874023,-3.0,2700,140659171001120
27,0.008390135002688696,0.5,3.9972760677337646,-3.0,2800,140659171001120
28,0.008726284675963397,0.5,3.9789276123046875,-3.0,2900,140659171001120
29,0.008855824640334433,0.5,3.957085609436035,-3.0,3000,140659171001120
30,0.00897817259413073,0.5,3.9371566772460938,-3.0,3100,140659171001120
31,0.00879551383192427,0.5,3.9248111248016357,-3.0,3200,140659171001120
32,0.011068288532717366,0.5,3.8978888988494873,-3.0,3300,140659171001120
33,0.01168462237277075,0.5,3.872363805770874,-3.0,3400,140659171001120
34,0.011780666174895375,0.5,3.8435068130493164,-3.0,3500,140659171001120
35,0.012212458247454658,0.5,3.821366548538208,-3.0,3600,140659171001120
36,0.01398993968094994,0.5,3.7980740070343018,-3.0,3700,140659171001120
37,0.015285377686348729,0.5,3.7748377323150635,-3.0,3800,140659171001120
38,0.016875936229147095,0.5,3.751572847366333,-3.0,3900,140659171001120
39,0.01941824985126661,0.5,3.721334218978882,-3.0,4000,140659171001120
40,0.021431169831255138,0.5,3.698997735977173,-3.0,4100,140659171001120
41,0.02212463672205815,0.5,3.6723904609680176,-3.0,4200,140659171001120
42,0.021650339871809664,0.5,3.6527411937713623,-3.0,4300,140659171001120
43,0.023977939005988602,0.5,3.6235125064849854,-3.0,4400,140659171001120
44,0.02465082440293711,0.5,3.601919651031494,-3.0,4500,140659171001120
45,0.02688601050934627,0.5,3.5746712684631348,-3.0,4600,140659171001120
46,0.028109931926968788,0.5,3.547558546066284,-3.0,4700,140659171001120
47,0.029142090808236102,0.5,3.531190872192383,-3.0,4800,140659171001120
48,0.030128641594725347,0.5,3.506636381149292,-3.0,4900,140659171001120
49,0.033323397137964006,0.5,3.488118886947632,-3.0,5000,140659171001120
50,0.03267759566949389,0.5,3.4589993953704834,-3.0,5100,140659171001120
51,0.03524690200620763,0.5,3.4386868476867676,-3.0,5200,140659171001120
52,0.03797611926286183,0.5,3.4222075939178467,-3.0,5300,140659171001120
53,0.03962182466795591,0.5,3.3990132808685303,-3.0,5400,140659171001120
54,0.0400576197315448,0.5,3.3846001625061035,-3.0,5500,140659171001120
55,0.04150777367063906,0.5,3.3653125762939453,-3.0,5600,140659171001120
56,0.04283547555976255,0.5,3.346391201019287,-3.0,5700,140659171001120
57,0.04441658100794718,0.5,3.3327629566192627,-3.0,5800,140659171001120
58,0.046020053560758535,0.5,3.313474178314209,-3.0,5900,140659171001120
59,0.09653966751629031,0.38400000000000006,2.641880750656128,-2.30400013923645,6000,140659171001120
60,0.07989813619587757,0.38400000000000006,2.8252811431884766,-2.30400013923645,6100,140659171001120
61,0.0828737070956587,0.38400000000000006,2.8029794692993164,-2.30400013923645,6200,140659171001120
62,0.079612312738304,0.38400000000000006,2.8113203048706055,-2.30400013923645,6300,140659171001120
63,0.07745425992420382,0.38400000000000006,2.8143813610076904,-2.30400013923645,6400,140659171001120
64,0.08194906053396829,0.38400000000000006,2.782545566558838,-2.30400013923645,6500,140659171001120
65,0.08707417739266693,0.38400000000000006,2.7766919136047363,-2.30400013923645,6600,140659171001120
66,0.08066896663925482,0.38400000000000006,2.7839674949645996,-2.30400013923645,6700,140659171001120
67,0.08491696013184369,0.38400000000000006,2.7659847736358643,-2.30400013923645,6800,140659171001120
68,0.08571184324185918,0.38400000000000006,2.748650550842285,-2.30400013923645,6900,140659171001120
69,0.08770157588225694,0.38400000000000006,2.745697021484375,-2.30400013923645,7000,140659171001120
70,0.08306039084009248,0.38400000000000006,2.7353579998016357,-2.30400013923645,7100,140659171001120
71,0.08550149028497019,0.38400000000000006,2.7315938472747803,-2.30400013923645,7200,140659171001120
72,0.08538131311329357,0.38400000000000006,2.7453932762145996,-2.30400013923645,7300,140659171001120
73,0.08743906666421745,0.38400000000000006,2.7214760780334473,-2.30400013923645,7400,140659171001120
74,0.08503438163432497,0.38400000000000006,2.7106826305389404,-2.30400013923645,7500,140659171001120
75,0.08823147223320116,0.38400000000000006,2.7087924480438232,-2.30400013923645,7600,140659171001120
76,0.08784417515194229,0.38400000000000006,2.707512855529785,-2.30400013923645,7700,140659171001120
77,0.08290307764300014,0.38400000000000006,2.7068777084350586,-2.30400013923645,7800,140659171001120
78,0.0853119360292575,0.38400000000000006,2.700246572494507,-2.30400013923645,7900,140659171001120
79,0.1121070967902344,0.46080000000000004,2.447775363922119,-2.7648000717163086,8000,140659171001120
80,0.10609829033540667,0.46080000000000004,2.506974697113037,-2.7648000717163086,8100,140659171001120
81,0.10425379420181995,0.46080000000000004,2.5218217372894287,-2.7648000717163086,8200,140659171001120
82,0.10009310860748648,0.46080000000000004,2.5243618488311768,-2.7648000717163086,8300,140659171001120
83,0.10263669481692163,0.46080000000000004,2.525305986404419,-2.7648000717163086,8400,140659171001120
84,0.1029779091350167,0.46080000000000004,2.5223777294158936,-2.7648000717163086,8500,140659171001120
85,0.10371572949219417,0.46080000000000004,2.529574394226074,-2.7648000717163086,8600,140659171001120
86,0.10154142236892767,0.46080000000000004,2.531553030014038,-2.7648000717163086,8700,140659171001120
87,0.10395968042862011,0.46080000000000004,2.521688938140869,-2.7648000717163086,8800,140659171001120
88,0.10147224882051648,0.46080000000000004,2.522881269454956,-2.7648000717163086,8900,140659171001120
89,0.10482617419691961,0.46080000000000004,2.5217933654785156,-2.7648000717163086,9000,140659171001120
0,9.246194919278276e-05,0.4,7.4868879318237305,-1.0,100,140659165868384
1,0.00029273624341795765,0.4,7.573922157287598,-1.0,200,140659165868384
2,8.432941923151078e-05,0.4,7.668094635009766,-1.0,300,140659165868384
3,0.0002013376728681912,0.4,7.726770401000977,-1.0,400,140659165868384
4,0.00020235277605169945,0.4,7.568000316619873,-1.0,500,140659165868384
5,0.00023727830518210637,0.4,7.590004920959473,-1.0,600,140659165868384
6,0.0002228840393697053,0.4,7.582164287567139,-1.0,700,140659165868384
7,0.0001265742393829492,0.4,7.5798444747924805,-1.0,800,140659165868384
8,0.00026794585967547177,0.4,7.602955341339111,-1.0,900,140659165868384
9,0.0002953687602835212,0.4,7.606879234313965,-1.0,1000,140659165868384
10,0.0003051464581262397,0.4,7.62465763092041,-1.0,1100,140659165868384
11,0.0004415306428827803,0.4,7.566949367523193,-1.0,1200,140659165868384
12,0.00017449186461964973,0.4,7.554686069488525,-1.0,1300,140659165868384
13,0.0004716063267816702,0.4,7.527322769165039,-1.0,1400,140659165868384
14,0.00017300067589728555,0.4,7.594284534454346,-1.0,1500,140659165868384
15,0.00019030177789052576,0.4,7.587067127227783,-1.0,1600,140659165868384
16,0.00013110478006127165,0.4,7.588848114013672,-1.0,1700,140659165868384
17,0.00030456846667056473,0.4,7.620413303375244,-1.0,1800,140659165868384
18,0.00020127902279770929,0.4,7.6010284423828125,-1.0,1900,140659165868384
19,0.0001400365473684373,0.4,7.620211124420166,-1.0,2000,140659165868384
20,0.00021611757510111687,0.4,7.724424362182617,-1.0,2100,140659165868384
21,0.0002897548157608325,0.4,7.655894756317139,-1.0,2200,140659165868384
22,0.00032397783536942514,0.4,7.603097915649414,-1.0,2300,140659165868384
23,0.00018604500282844638,0.4,7.695772171020508,-1.0,2400,140659165868384
24,0.00020916402092389634,0.4,7.6817731857299805,-1.0,2500,140659165868384
25,0.00031893138345825495,0.4,7.656062126159668,-1.0,2600,140659165868384
26,0.0001246261526946414,0.4,7.659031867980957,-1.0,2700,140659165868384
27,0.0003024810471342234,0.4,7.6359663009643555,-1.0,2800,140659165868384
28,0.00022374181460776493,0.4,7.679172515869141,-1.0,2900,140659165868384
29,0.04725958494440732,0.48,3.352299451828003,-1.9200000762939453,3000,140659165868384
30,0.009244819357377022,0.48,4.567915439605713,-1.9200000762939453,3100,140659165868384
31,0.016314337359771024,0.48,4.126955032348633,-1.9200000762939453,3200,140659165868384
32,0.022714719508336208,0.48,3.958782434463501,-1.9200000762939453,3300,140659165868384
33,0.02577483519078543,0.48,3.7955214977264404,-1.9200000762939453,3400,140659165868384
34,0.02913275182656492,0.48,3.70259165763855,-1.9200000762939453,3500,140659165868384
35,0.03690990741953912,0.48,3.6029586791992188,-1.9200000762939453,3600,140659165868384
36,0.03681901503316692,0.48,3.5800528526306152,-1.9200000762939453,3700,140659165868384
37,0.04190521267081439,0.48,3.4897615909576416,-1.9200000762939453,3800,140659165868384
38,0.04018748471072168,0.48,3.4538991451263428,-1.9200000762939453,3900,140659165868384
39,0.048038375998166336,0.48,3.4041237831115723,-1.9200000762939453,4000,140659165868384
40,0.04739037898204593,0.48,3.358116865158081,-1.9200000762939453,4100,140659165868384
41,0.05122803047469692,0.48,3.3279666900634766,-1.9200000762939453,4200,140659165868384
42,0.04998319274173226,0.48,3.3011648654937744,-1.9200000762939453,4300,140659165868384
43,0.050449947517192506,0.48,3.2756075859069824,-1.9200000762939453,4400,140659165868384
44,0.047800988857651015,0.48,3.249001979827881,-1.9200000762939453,4500,140659165868384
45,0.05264989637039002,0.48,3.2216134071350098,-1.9200000762939453,4600,140659165868384
46,0.05540715679645911,0.48,3.205395221710205,-1.9200000762939453,4700,140659165868384
47,0.055425957112553464,0.48,3.1793596744537354,-1.9200000762939453,4800,140659165868384
48,0.054987819237260836,0.48,3.180729389190674,-1.9200000762939453,4900,140659165868384
49,0.056567923413387296,0.48,3.1550381183624268,-1.9200000762939453,5000,140659165868384
50,0.05537703822331631,0.48,3.150642156600952,-1.9200000762939453,5100,140659165868384
51,0.05957667886739866,0.48,3.1186206340789795,-1.9200000762939453,5200,140659165868384
52,0.061168028724283396,0.48,3.1248388290405273,-1.9200000762939453,5300,140659165868384
53,0.058641753315517305,0.48,3.103391170501709,-1.9200000762939453,5400,140659165868384
54,0.057063697486077154,0.48,3.098268508911133,-1.9200000762939453,5500,140659165868384
55,0.06083107980358767,0.48,3.0826330184936523,-1.9200000762939453,5600,140659165868384
56,0.06128756524187175,0.48,3.0782101154327393,-1.9200000762939453,5700,140659165868384
57,0.05870756283949344,0.48,3.064375638961792,-1.9200000762939453,5800,140659165868384
58,0.06328932540868926,0.48,3.055309772491455,-1.9200000762939453,5900,140659165868384
59,0.06294649892905288,0.48,3.0394864082336426,-1.9200000762939453,6000,140659165868384
60,0.06130907290236524,0.48,3.0479276180267334,-1.9200000762939453,6100,140659165868384
61,0.0640628790969953,0.48,3.02567195892334,-1.9200000762939453,6200,140659165868384
62,0.058387445808051705,0.48,3.0361597537994385,-1.9200000762939453,6300,140659165868384
63,0.061175245968578124,0.48,3.030702829360962,-1.9200000762939453,6400,140659165868384
64,0.0632983492800994,0.48,3.031325578689575,-1.9200000762939453,6500,140659165868384
65,0.06448104453031235,0.48,3.014767646789551,-1.9200000762939453,6600,140659165868384
66,0.061990070074704924,0.48,3.0079760551452637,-1.9200000762939453,6700,140659165868384
67,0.06361234751070083,0.48,3.0031802654266357,-1.9200000762939453,6800,140659165868384
68,0.066439197310273,0.48,2.991718053817749,-1.9200000762939453,6900,140659165868384
69,0.10836573948978959,0.25600000000000006,2.4935567378997803,-2.30400013923645,7000,140659165868384
70,0.0740155289741836,0.25600000000000006,2.77970814704895,-2.30400013923645,7100,140659165868384
71,0.07936342183551552,0.25600000000000006,2.7658047676086426,-2.30400013923645,7200,140659165868384
72,0.08319081654329816,0.25600000000000006,2.783207893371582,-2.30400013923645,7300,140659165868384
73,0.09030803183006389,0.25600000000000006,2.7400739192962646,-2.30400013923645,7400,140659165868384
74,0.08779319563446025,0.25600000000000006,2.7201480865478516,-2.30400013923645,7500,140659165868384
75,0.08917557998691106,0.25600000000000006,2.7152724266052246,-2.30400013923645,7600,140659165868384
76,0.09347825969990259,0.25600000000000006,2.7080211639404297,-2.30400013923645,7700,140659165868384
77,0.0876073165409665,0.25600000000000006,2.7014245986938477,-2.30400013923645,7800,140659165868384
78,0.0901279098250549,0.25600000000000006,2.683948278427124,-2.30400013923645,7900,140659165868384
79,0.10877633496163656,0.25600000000000006,2.449249505996704,-2.30400013923645,8000,140659165868384
80,0.08884635169617879,0.25600000000000006,2.626002550125122,-2.30400013923645,8100,140659165868384
81,0.09176277306804445,0.25600000000000006,2.630136013031006,-2.30400013923645,8200,140659165868384
82,0.09263503344403977,0.25600000000000006,2.6344711780548096,-2.30400013923645,8300,140659165868384
83,0.09618001567436701,0.25600000000000006,2.631307363510132,-2.30400013923645,8400,140659165868384
84,0.09587373912432282,0.25600000000000006,2.636185884475708,-2.30400013923645,8500,140659165868384
85,0.0949411820097467,0.25600000000000006,2.631199836730957,-2.30400013923645,8600,140659165868384
86,0.09475101921280223,0.25600000000000006,2.6236040592193604,-2.30400013923645,8700,140659165868384
87,0.09446202336511036,0.25600000000000006,2.625032424926758,-2.30400013923645,8800,140659165868384
88,0.09350833425990986,0.25600000000000006,2.6258797645568848,-2.30400013923645,8900,140659165868384
89,0.11503643840208781,0.46080000000000004,2.4272403717041016,-4.147200107574463,9000,140659165868384
0,0.0,0.1,5.5618391036987305,-3.0,100,140659160712528
1,0.0,0.1,5.542552471160889,-3.0,200,140659160712528
2,0.0,0.1,5.541118621826172,-3.0,300,140659160712528
3,0.0,0.1,5.539127349853516,-3.0,400,140659160712528
4,0.0,0.1,5.540263652801514,-3.0,500,140659160712528
5,0.0,0.1,5.5417914390563965,-3.0,600,140659160712528
6,0.0,0.1,5.538626194000244,-3.0,700,140659160712528
7,0.0,0.1,5.537443161010742,-3.0,800,140659160712528
8,0.0,0.1,5.381955146789551,-3.0,900,140659160712528
9,0.0,0.1,4.903994560241699,-3.0,1000,140659160712528
10,0.0005775682902061244,0.1,4.796041965484619,-3.0,1100,140659160712528
11,0.0005775682902061244,0.1,4.715616226196289,-3.0,1200,140659160712528
12,0.0008800778860164106,0.1,4.658021450042725,-3.0,1300,140659160712528
13,0.0010867678792759398,0.1,4.610297203063965,-3.0,1400,140659160712528
14,0.0010037510261394333,0.1,4.567419052124023,-3.0,1500,140659160712528
15,0.0012843069140505623,0.1,4.5289387702941895,-3.0,1600,140659160712528
16,0.0018375768617278935,0.1,4.478246688842773,-3.0,1700,140659160712528
17,0.004230997138833837,0.1,4.43266487121582,-3.0,1800,140659160712528
18,0.0027023828230536596,0.1,4.388472557067871,-3.0,1900,140659160712528
19,0.005352924148113188,0.1,4.349886894226074,-3.0,2000,140659160712528
20,0.0062708297051774645,0.1,4.308645725250244,-3.0,2100,140659160712528
21,0.006260189112356335,0.1,4.272933483123779,-3.0,2200,140659160712528
22,0.005916497257243722,0.1,4.236123561859131,-3.0,2300,140659160712528
23,0.006265559224927449,0.1,4.202934741973877,-3.0,2400,140659160712528
24,0.006459441387469918,0.1,4.1734113693237305,-3.0,2500,140659160712528
25,0.006755320952944723,0.1,4.141292572021484,-3.0,2600,140659160712528
26,0.00666963711119134,0.1,4.1164937019348145,-3.0,2700,140659160712528
27,0.007362384740340488,0.1,4.092158794403076,-3.0,2800,140659160712528
28,0.006406679722573149,0.1,4.068423271179199,-3.0,2900,140659160712528
29,0.006579516751330624,0.1,4.047199249267578,-3.0,3000,140659160712528
30,0.005727450768112367,0.1,4.02141809463501,-3.0,3100,140659160712528
31,0.00721291087259935,0.1,3.999521255493164,-3.0,3200,140659160712528
32,0.0074410436227792635,0.1,3.978350877761841,-3.0,3300,140659160712528
33,0.00828794520960547,0.1,3.957153558731079,-3.0,3400,140659160712528
34,0.00799909806874735,0.1,3.9350533485412598,-3.0,3500,140659160712528
35,0.008405578813806996,0.1,3.917970657348633,-3.0,3600,140659160712528
36,0.009437114373921073,0.1,3.8964505195617676,-3.0,3700,140659160712528
37,0.01061629091102721,0.1,3.8777451515197754,-3.0,3800,140659160712528
38,0.011135172165452753,0.1,3.8567535877227783,-3.0,3900,140659160712528
39,0.07529946513942502,0.48,2.9520761966705322,-1.9200000762939453,4000,140659160712528
40,0.015018379884315496,0.48,4.117851734161377,-1.9200000762939453,4100,140659160712528
41,0.011977198224492126,0.48,4.201470375061035,-1.9200000762939453,4200,140659160712528
42,0.010373608616408332,0.48,4.25016975402832,-1.9200000762939453,4300,140659160712528
43,0.008516181806735376,0.48,4.280331611633301,-1.9200000762939453,4400,140659160712528
44,0.01004482552602057,0.48,4.260815143585205,-1.9200000762939453,4500,140659160712528
45,0.010228511742063606,0.48,4.240558624267578,-1.9200000762939453,4600,140659160712528
46,0.009227073217370294,0.48,4.240548610687256,-1.9200000762939453,4700,140659160712528
47,0.009401752026035428,0.48,4.2677998542785645,-1.9200000762939453,4800,140659160712528
48,0.008562234699855528,0.48,4.249536037445068,-1.9200000762939453,4900,140659160712528
49,0.08803647298428109,0.32000000000000006,2.750303268432617,-1.9200000762939453,5000,140659160712528
50,0.07301980885829622,0.32000000000000006,2.974263906478882,-1.9200000762939453,5100,140659160712528
51,0.07144041804868839,0.32000000000000006,2.9621145725250244,-1.9200000762939453,5200,140659160712528
52,0.0764050665042597,0.32000000000000006,2.965494155883789,-1.9200000762939453,5300,140659160712528
53,0.07775749133003607,0.32000000000000006,2.948819875717163,-1.9200000762939453,5400,140659160712528
54,0.07721032053425103,0.32000000000000006,2.936854600906372,-1.9200000762939453,5500,140659160712528
55,0.07476130116177167,0.32000000000000006,2.929227590560913,-1.9200000762939453,5600,140659160712528
56,0.07771855925273721,0.32000000000000006,2.9062013626098633,-1.9200000762939453,5700,140659160712528
57,0.07817875780056525,0.32000000000000006,2.914348840713501,-1.9200000762939453,5800,140659160712528
58,0.07658489971265646,0.32000000000000006,2.8986761569976807,-1.9200000762939453,5900,140659160712528
59,0.0734632744656409,0.32000000000000006,2.876476526260376,-1.9200000762939453,6000,140659160712528
60,0.07552423748341962,0.32000000000000006,2.876981258392334,-1.9200000762939453,6100,140659160712528
61,0.07586743615520176,0.32000000000000006,2.866326093673706,-1.9200000762939453,6200,140659160712528
62,0.07811314798372873,0.32000000000000006,2.8629226684570312,-1.9200000762939453,6300,140659160712528
63,0.07830642730531673,0.32000000000000006,2.854152202606201,-1.9200000762939453,6400,140659160712528
64,0.07901567491531611,0.32000000000000006,2.8442206382751465,-1.9200000762939453,6500,140659160712528
65,0.07773838670421863,0.32000000000000006,2.841803550720215,-1.9200000762939453,6600,140659160712528
66,0.07953035339353877,0.32000000000000006,2.841668128967285,-1.9200000762939453,6700,140659160712528
67,0.08180776145642844,0.32000000000000006,2.8300280570983887,-1.9200000762939453,6800,140659160712528
68,0.08188474721137418,0.32000000000000006,2.829939365386963,-1.9200000762939453,6900,140659160712528
69,0.10836573948978959,0.38400000000000006,2.4935567378997803,-3.4560000896453857,7000,140659160712528
70,0.10882177543809442,0.38400000000000006,2.4768617153167725,-3.4560000896453857,7100,140659160712528
71,0.10865826827026476,0.38400000000000006,2.471123218536377,-3.4560000896453857,7200,140659160712528
72,0.10931249420514544,0.38400000000000006,2.4663643836975098,-3.4560000896453857,7300,140659160712528
73,0.11061962192624791,0.38400000000000006,2.463071346282959,-3.4560000896453857,7400,140659160712528
74,0.11067564487574177,0.38400000000000006,2.4599339962005615,-3.4560000896453857,7500,140659160712528
75,0.11125608103337395,0.38400000000000006,2.4576151371002197,-3.4560000896453857,7600,140659160712528
76,0.11108594021662077,0.38400000000000006,2.453880548477173,-3.4560000896453857,7700,140659160712528
77,0.11161289408326867,0.38400000000000006,2.4521186351776123,-3.4560000896453857,7800,140659160712528
78,0.11094227972051937,0.38400000000000006,2.449719190597534,-3.4560000896453857,7900,140659160712528
79,0.1121070967902344,0.38400000000000006,2.447775363922119,-3.4560000896453857,8000,140659160712528
80,0.11373461876020036,0.38400000000000006,2.445685386657715,-3.4560000896453857,8100,140659160712528
81,0.11357861599684628,0.38400000000000006,2.4434540271759033,-3.4560000896453857,8200,140659160712528
82,0.11408220331043371,0.38400000000000006,2.4421942234039307,-3.4560000896453857,8300,140659160712528
83,0.1141847057611546,0.38400000000000006,2.439272165298462,-3.4560000896453857,8400,140659160712528
84,0.11449573232151165,0.38400000000000006,2.4374799728393555,-3.4560000896453857,8500,140659160712528
85,0.11294642649268573,0.38400000000000006,2.4351646900177,-3.4560000896453857,8600,140659160712528
86,0.11244787614919195,0.38400000000000006,2.433518171310425,-3.4560000896453857,8700,140659160712528
87,0.1123495481761567,0.38400000000000006,2.4313840866088867,-3.4560000896453857,8800,140659160712528
88,0.11414593311695896,0.38400000000000006,2.4299323558807373,-3.4560000896453857,8900,140659160712528
89,0.11503643840208781,0.38400000000000006,2.4272403717041016,-3.4560000896453857,9000,140659160712528
0,0.0,0.30000000000000004,10.212421417236328,-4.0,100,140659155910048
1,0.0,0.30000000000000004,7.372896194458008,-4.0,200,140659155910048
2,0.0,0.30000000000000004,6.516673564910889,-4.0,300,140659155910048
3,0.0,0.30000000000000004,6.032103061676025,-4.0,400,140659155910048
4,0.0,0.30000000000000004,5.743249893188477,-4.0,500,140659155910048
5,0.0,0.30000000000000004,5.594670295715332,-4.0,600,140659155910048
6,0.0,0.30000000000000004,5.5366621017456055,-4.0,700,140659155910048
7,0.0,0.30000000000000004,5.516641616821289,-4.0,800,140659155910048
8,0.0,0.30000000000000004,5.508059501647949,-4.0,900,140659155910048
9,0.0,0.30000000000000004,5.5041046142578125,-4.0,1000,140659155910048
10,0.0,0.30000000000000004,5.501272201538086,-4.0,1100,140659155910048
11,0.0,0.30000000000000004,5.499053478240967,-4.0,1200,140659155910048
12,0.0,0.30000000000000004,5.456310272216797,-4.0,1300,140659155910048
13,0.0,0.30000000000000004,5.340724945068359,-4.0,1400,140659155910048
14,0.0,0.30000000000000004,5.241206645965576,-4.0,1500,140659155910048
15,0.0,0.30000000000000004,5.1636271476745605,-4.0,1600,140659155910048
16,0.0,0.30000000000000004,5.102441787719727,-4.0,1700,140659155910048
17,0.0,0.30000000000000004,5.054047107696533,-4.0,1800,140659155910048
18,0.0,0.30000000000000004,5.016086578369141,-4.0,1900,140659155910048
19,0.006471039919045978,0.24,4.205221176147461,-3.5999999046325684,2000,140659155910048
20,0.0066563100863495945,0.24,4.185217380523682,-3.5999999046325684,2100,140659155910048
21,0.0062427442531909705,0.24,4.172746658325195,-3.5999999046325684,2200,140659155910048
22,0.006258661777749658,0.24,4.160787582397461,-3.5999999046325684,2300,140659155910048
23,0.006552729244980077,0.24,4.151049613952637,-3.5999999046325684,2400,140659155910048
24,0.0066533325787088895,0.24,4.142099380493164,-3.5999999046325684,2500,140659155910048
25,0.007331395445713045,0.24,4.133594036102295,-3.5999999046325684,2600,140659155910048
26,0.0075761389450414674,0.24,4.1266398429870605,-3.5999999046325684,2700,140659155910048
27,0.0069108058522491835,0.24,4.1180901527404785,-3.5999999046325684,2800,140659155910048
28,0.0074178799835897665,0.24,4.11164665222168,-3.5999999046325684,2900,140659155910048
29,0.006863941849750948,0.24,4.103867053985596,-3.5999999046325684,3000,140659155910048
30,0.006979568522337022,0.24,4.095828056335449,-3.5999999046325684,3100,140659155910048
31,0.0070908807139841105,0.24,4.087955474853516,-3.5999999046325684,3200,140659155910048
32,0.00708015481423987,0.24,4.081217288970947,-3.5999999046325684,3300,140659155910048
33,0.006865450744700504,0.24,4.07461404800415,-3.5999999046325684,3400,140659155910048
34,0.0072629577103237985,0.24,4.067708969116211,-3.5999999046325684,3500,140659155910048
35,0.006988037735305906,0.24,4.060287952423096,-3.5999999046325684,3600,140659155910048
36,0.007289110251705145,0.24,4.052929878234863,-3.5999999046325684,3700,140659155910048
37,0.007599307126362406,0.24,4.045557498931885,-3.5999999046325684,3800,140659155910048
38,0.006914369266708034,0.24,4.0404863357543945,-3.5999999046325684,3900,140659155910048
39,0.07529946513942502,0.32000000000000006,2.9520761966705322,-1.9200000762939453,4000,140659155910048
40,0.004824991110159402,0.32000000000000006,4.333425998687744,-1.9200000762939453,4100,140659155910048
41,0.003720425462650274,0.32000000000000006,4.355669975280762,-1.9200000762939453,4200,140659155910048
42,0.002877358048076845,0.32000000000000006,4.3166327476501465,-1.9200000762939453,4300,140659155910048
43,0.004954851818942447,0.32000000000000006,4.3132643699646,-1.9200000762939453,4400,140659155910048
44,0.007221757629723555,0.32000000000000006,4.3109211921691895,-1.9200000762939453,4500,140659155910048
45,0.006395195992583608,0.32000000000000006,4.285957336425781,-1.9200000762939453,4600,140659155910048
46,0.004883026152995557,0.32000000000000006,4.2867207527160645,-1.9200000762939453,4700,140659155910048
47,0.007374707437809767,0.32000000000000006,4.286619186401367,-1.9200000762939453,4800,140659155910048
48,0.0060099055704119775,0.32000000000000006,4.278697967529297,-1.9200000762939453,4900,140659155910048
49,0.08803647298428109,0.32000000000000006,2.750303268432617,-2.880000114440918,5000,140659155910048
50,0.091825936082948,0.32000000000000006,2.7006094455718994,-2.880000114440918,5100,140659155910048
51,0.0943034289919687,0.32000000000000006,2.6858925819396973,-2.880000114440918,5200,140659155910048
52,0.09467101816767465,0.32000000000000006,2.67763614654541,-2.880000114440918,5300,140659155910048
53,0.09510902258751841,0.32000000000000006,2.6728453636169434,-2.880000114440918,5400,140659155910048
54,0.09574546826288959,0.32000000000000006,2.6659395694732666,-2.880000114440918,5500,140659155910048
55,0.09637884312718194,0.32000000000000006,2.661872148513794,-2.880000114440918,5600,140659155910048
56,0.0945918383784904,0.32000000000000006,2.653273582458496,-2.880000114440918,5700,140659155910048
57,0.09757955547518674,0.32000000000000006,2.648477554321289,-2.880000114440918,5800,140659155910048
58,0.09583334247195736,0.32000000000000006,2.6500039100646973,-2.880000114440918,5900,140659155910048
59,0.09653966751629031,0.32000000000000006,2.641880750656128,-2.880000114440918,6000,140659155910048
60,0.09594089235017786,0.32000000000000006,2.63631534576416,-2.880000114440918,6100,140659155910048
61,0.09501415514999341,0.32000000000000006,2.6318252086639404,-2.880000114440918,6200,140659155910048
62,0.09760219015127626,0.32000000000000006,2.6290457248687744,-2.880000114440918,6300,140659155910048
63,0.09706697177413902,0.32000000000000006,2.624890089035034,-2.880000114440918,6400,140659155910048
64,0.0951869997426514,0.32000000000000006,2.620800495147705,-2.880000114440918,6500,140659155910048
65,0.09844466726819966,0.32000000000000006,2.618013381958008,-2.880000114440918,6600,140659155910048
66,0.0983539651414736,0.32000000000000006,2.615546226501465,-2.880000114440918,6700,140659155910048
67,0.0988352084772074,0.32000000000000006,2.612469434738159,-2.880000114440918,6800,140659155910048
68,0.09850374757544644,0.32000000000000006,2.606606960296631,-2.880000114440918,6900,140659155910048
69,0.0991085491134627,0.32000000000000006,2.606053352355957,-2.880000114440918,7000,140659155910048
70,0.09912246825451489,0.32000000000000006,2.6008057594299316,-2.880000114440918,7100,140659155910048
71,0.09712035125968245,0.32000000000000006,2.6001780033111572,-2.880000114440918,7200,140659155910048
72,0.09769328590217462,0.32000000000000006,2.5958621501922607,-2.880000114440918,7300,140659155910048
73,0.09891768277747215,0.32000000000000006,2.590656042098999,-2.880000114440918,7400,140659155910048
74,0.10012850753443041,0.32000000000000006,2.5868566036224365,-2.880000114440918,7500,140659155910048
75,0.09815125938037536,0.32000000000000006,2.58354115486145,-2.880000114440918,7600,140659155910048
76,0.09877862395502013,0.32000000000000006,2.57973051071167,-2.880000114440918,7700,140659155910048
77,0.09956846027040686,0.32000000000000006,2.5792782306671143,-2.880000114440918,7800,140659155910048
78,0.09965546446643406,0.32000000000000006,2.576090097427368,-2.880000114440918,7900,140659155910048
79,0.09834071901214744,0.32000000000000006,2.5722177028656006,-2.880000114440918,8000,140659155910048
80,0.09857177682838406,0.32000000000000006,2.5708091259002686,-2.880000114440918,8100,140659155910048
81,0.10116337734213969,0.32000000000000006,2.5675241947174072,-2.880000114440918,8200,140659155910048
82,0.09979631730445339,0.32000000000000006,2.566460371017456,-2.880000114440918,8300,140659155910048
83,0.09861785923644437,0.32000000000000006,2.5614490509033203,-2.880000114440918,8400,140659155910048
84,0.10008000059487093,0.32000000000000006,2.558856725692749,-2.880000114440918,8500,140659155910048
85,0.09984975407050575,0.32000000000000006,2.5556793212890625,-2.880000114440918,8600,140659155910048
86,0.10063450430269538,0.32000000000000006,2.5541651248931885,-2.880000114440918,8700,140659155910048
87,0.10184030118439057,0.32000000000000006,2.5518665313720703,-2.880000114440918,8800,140659155910048
88,0.09908295159269091,0.32000000000000006,2.5504117012023926,-2.880000114440918,8900,140659155910048
89,0.114184342020864,0.25600000000000006,2.415140151977539,-2.30400013923645,9000,140659155910048
0,0.0,0.2,5.561588764190674,-3.0,100,140659150776920
1,0.0,0.2,5.542545318603516,-3.0,200,140659150776920
2,0.0,0.2,5.5409064292907715,-3.0,300,140659150776920
3,0.0,0.2,5.538909912109375,-3.0,400,140659150776920
4,0.0,0.2,5.540812969207764,-3.0,500,140659150776920
5,0.0,0.2,5.542590141296387,-3.0,600,140659150776920
6,0.0,0.2,5.5067057609558105,-3.0,700,140659150776920
7,0.0,0.2,4.936559677124023,-3.0,800,140659150776920
8,0.0009937868646475417,0.2,4.785750865936279,-3.0,900,140659150776920
9,0.0008456228246426738,0.2,4.700824737548828,-3.0,1000,140659150776920
10,0.0016285409278717134,0.2,4.628206253051758,-3.0,1100,140659150776920
11,0.0014264424380322476,0.2,4.554076671600342,-3.0,1200,140659150776920
12,0.003209572753055061,0.2,4.493271827697754,-3.0,1300,140659150776920
13,0.00641491805979299,0.2,4.439072132110596,-3.0,1400,140659150776920
14,0.006370264754394078,0.2,4.391829013824463,-3.0,1500,140659150776920
15,0.0036039836861546217,0.2,4.350351810455322,-3.0,1600,140659150776920
16,0.005628798614014144,0.2,4.307225704193115,-3.0,1700,140659150776920
17,0.005085056270485988,0.2,4.270943641662598,-3.0,1800,140659150776920
18,0.005737857954208009,0.2,4.2366414070129395,-3.0,1900,140659150776920
19,0.006471039919045978,0.2,4.205221176147461,-3.0,2000,140659150776920
20,0.006744391580833668,0.2,4.167865753173828,-3.0,2100,140659150776920
21,0.006860444801982633,0.2,4.139550685882568,-3.0,2200,140659150776920
22,0.006440939261723548,0.2,4.108596324920654,-3.0,2300,140659150776920
23,0.007131935905727216,0.2,4.08526611328125,-3.0,2400,140659150776920
24,0.006893293837178235,0.2,4.052560329437256,-3.0,2500,140659150776920
25,0.007825182371880193,0.2,4.025157928466797,-3.0,2600,140659150776920
26,0.007819164576454403,0.2,4.000386714935303,-3.0,2700,140659150776920
27,0.007444840740828779,0.2,3.9735918045043945,-3.0,2800,140659150776920
28,0.007195065197149321,0.2,3.9467389583587646,-3.0,2900,140659150776920
29,0.009174685383442972,0.2,3.9154767990112305,-3.0,3000,140659150776920
30,0.009876665334384218,0.2,3.8826634883880615,-3.0,3100,140659150776920
31,0.010483035308123114,0.2,3.8559625148773193,-3.0,3200,140659150776920
32,0.0126310877618447,0.2,3.8259437084198,-3.0,3300,140659150776920
33,0.014471834778772568,0.2,3.7910003662109375,-3.0,3400,140659150776920
34,0.017222162013124778,0.2,3.760451316833496,-3.0,3500,140659150776920
35,0.01674678168603501,0.2,3.7298636436462402,-3.0,3600,140659150776920
36,0.018942717673606196,0.2,3.701401472091675,-3.0,3700,140659150776920
37,0.021141838540226613,0.2,3.678215265274048,-3.0,3800,140659150776920
38,0.02194167354039158,0.2,3.647446632385254,-3.0,3900,140659150776920
39,0.02426380334526384,0.2,3.6173958778381348,-3.0,4000,140659150776920
40,0.0261561471433258,0.2,3.592787981033325,-3.0,4100,140659150776920
41,0.027163448046689284,0.2,3.5633673667907715,-3.0,4200,140659150776920
42,0.027720795502899197,0.2,3.5418882369995117,-3.0,4300,140659150776920
43,0.028423634613209115,0.2,3.5128204822540283,-3.0,4400,140659150776920
44,0.029971360989250653,0.2,3.488192558288574,-3.0,4500,140659150776920
45,0.03165958245467493,0.2,3.4634995460510254,-3.0,4600,140659150776920
46,0.03348416131811897,0.2,3.438328266143799,-3.0,4700,140659150776920
47,0.03572154288605197,0.2,3.4157896041870117,-3.0,4800,140659150776920
48,0.03668503470691977,0.2,3.3992156982421875,-3.0,4900,140659150776920
49,0.03905317341664269,0.2,3.3740999698638916,-3.0,5000,140659150776920
50,0.039889530248830705,0.2,3.3501813411712646,-3.0,5100,140659150776920
51,0.042647709423525644,0.2,3.328967809677124,-3.0,5200,140659150776920
52,0.04416083844730632,0.2,3.307786226272583,-3.0,5300,140659150776920
53,0.045015376872429326,0.2,3.287027597427368,-3.0,5400,140659150776920
54,0.04646143229751476,0.2,3.2701897621154785,-3.0,5500,140659150776920
55,0.04829577823920475,0.2,3.249448537826538,-3.0,5600,140659150776920
56,0.048225450495798926,0.2,3.229750156402588,-3.0,5700,140659150776920
57,0.05023722127863933,0.2,3.2111220359802246,-3.0,5800,140659150776920
58,0.051416679142662985,0.2,3.193281650543213,-3.0,5900,140659150776920
59,0.09569256403638701,0.32000000000000006,2.6185593605041504,-2.880000114440918,6000,140659150776920
60,0.1010428265385537,0.32000000000000006,2.5826337337493896,-2.880000114440918,6100,140659150776920
61,0.10393939693019809,0.32000000000000006,2.5607728958129883,-2.880000114440918,6200,140659150776920
62,0.10408458226146666,0.32000000000000006,2.549532890319824,-2.880000114440918,6300,140659150776920
63,0.10241378654473177,0.32000000000000006,2.535863161087036,-2.880000114440918,6400,140659150776920
64,0.10392054177517217,0.32000000000000006,2.527310609817505,-2.880000114440918,6500,140659150776920
65,0.10696265216388669,0.32000000000000006,2.521329641342163,-2.880000114440918,6600,140659150776920
66,0.10474047971080243,0.32000000000000006,2.5128531455993652,-2.880000114440918,6700,140659150776920
67,0.1060698243505289,0.32000000000000006,2.505608320236206,-2.880000114440918,6800,140659150776920
68,0.1072532892783439,0.32000000000000006,2.4972925186157227,-2.880000114440918,6900,140659150776920
69,0.10836573948978959,0.32000000000000006,2.4935567378997803,-2.880000114440918,7000,140659150776920
70,0.108547633734389,0.32000000000000006,2.487006187438965,-2.880000114440918,7100,140659150776920
71,0.1077451141013975,0.32000000000000006,2.4826488494873047,-2.880000114440918,7200,140659150776920
72,0.10814340111847066,0.32000000000000006,2.4793941974639893,-2.880000114440918,7300,140659150776920
73,0.10906694691655909,0.32000000000000006,2.472095251083374,-2.880000114440918,7400,140659150776920
74,0.11059219667164225,0.32000000000000006,2.4683170318603516,-2.880000114440918,7500,140659150776920
75,0.11063700372284217,0.32000000000000006,2.4637763500213623,-2.880000114440918,7600,140659150776920
76,0.1122179450809604,0.32000000000000006,2.4564049243927,-2.880000114440918,7700,140659150776920
77,0.11178823368495804,0.32000000000000006,2.4554431438446045,-2.880000114440918,7800,140659150776920
78,0.11202253585123388,0.32000000000000006,2.452853202819824,-2.880000114440918,7900,140659150776920
79,0.10877633496163656,0.32000000000000006,2.449249505996704,-2.880000114440918,8000,140659150776920
80,0.112164749310476,0.32000000000000006,2.4442896842956543,-2.880000114440918,8100,140659150776920
81,0.1113857578480322,0.32000000000000006,2.4436378479003906,-2.880000114440918,8200,140659150776920
82,0.1097805078046835,0.32000000000000006,2.4405994415283203,-2.880000114440918,8300,140659150776920
83,0.11042725569564008,0.32000000000000006,2.4383654594421387,-2.880000114440918,8400,140659150776920
84,0.1139981229495871,0.32000000000000006,2.431159734725952,-2.880000114440918,8500,140659150776920
85,0.11183596492413349,0.32000000000000006,2.429400682449341,-2.880000114440918,8600,140659150776920
86,0.111848279053844,0.32000000000000006,2.4258904457092285,-2.880000114440918,8700,140659150776920
87,0.11401256098784003,0.32000000000000006,2.421823024749756,-2.880000114440918,8800,140659150776920
88,0.11252091152246133,0.32000000000000006,2.4170331954956055,-2.880000114440918,8900,140659150776920
89,0.114184342020864,0.32000000000000006,2.415140151977539,-2.880000114440918,9000,140659150776920
0,0.00010131599149031197,0.30000000000000004,7.674932479858398,-1.0,100,140659145127584
1,0.00010537250275030952,0.30000000000000004,7.910414218902588,-1.0,200,140659145127584
2,0.0001268858923993261,0.30000000000000004,7.8289570808410645,-1.0,300,140659145127584
3,0.0002933228416447793,0.30000000000000004,7.669867992401123,-1.0,400,140659145127584
4,0.0004147782227316694,0.30000000000000004,7.770718574523926,-1.0,500,140659145127584
5,0.0002478396828063658,0.30000000000000004,7.721381664276123,-1.0,600,140659145127584
6,0.00020737315502228175,0.30000000000000004,7.665638446807861,-1.0,700,140659145127584
7,0.00010145503299015099,0.30000000000000004,7.607645034790039,-1.0,800,140659145127584
8,0.0002496889649140555,0.30000000000000004,7.671979904174805,-1.0,900,140659145127584
9,0.0004362927887489288,0.30000000000000004,7.642719745635986,-1.0,1000,140659145127584
10,0.0002762041567508223,0.30000000000000004,7.66162109375,-1.0,1100,140659145127584
11,0.00022206336446708714,0.30000000000000004,7.6363844871521,-1.0,1200,140659145127584
12,0.000269941599935887,0.30000000000000004,7.6416850090026855,-1.0,1300,140659145127584
13,0.00045977831110103435,0.30000000000000004,7.630024433135986,-1.0,1400,140659145127584
14,0.0002021422792891213,0.30000000000000004,7.671609878540039,-1.0,1500,140659145127584
15,7.189433146460491e-05,0.30000000000000004,7.646972179412842,-1.0,1600,140659145127584
16,0.0002614015438582714,0.30000000000000004,7.731196403503418,-1.0,1700,140659145127584
17,0.00025802126560373366,0.30000000000000004,7.728325843811035,-1.0,1800,140659145127584
18,0.00020474100750465592,0.30000000000000004,7.7338433265686035,-1.0,1900,140659145127584
19,0.006229651305256083,0.6,4.185749053955078,-2.4000000953674316,2000,140659145127584
20,0.006882860046155536,0.6,4.314742088317871,-2.4000000953674316,2100,140659145127584
21,0.007991900873893716,0.6,4.167909622192383,-2.4000000953674316,2200,140659145127584
22,0.008037510294979297,0.6,4.052207946777344,-2.4000000953674316,2300,140659145127584
23,0.014646909020434393,0.6,3.9533884525299072,-2.4000000953674316,2400,140659145127584
24,0.019526161486507775,0.6,3.846470832824707,-2.4000000953674316,2500,140659145127584
25,0.023673286103546076,0.6,3.7213711738586426,-2.4000000953674316,2600,140659145127584
26,0.03138503305641143,0.6,3.615368127822876,-2.4000000953674316,2700,140659145127584
27,0.035894225491578384,0.6,3.521528959274292,-2.4000000953674316,2800,140659145127584
28,0.04284342687020801,0.6,3.4312877655029297,-2.4000000953674316,2900,140659145127584
29,0.04725958494440732,0.6,3.352299451828003,-2.4000000953674316,3000,140659145127584
30,0.05212191308094899,0.6,3.294398784637451,-2.4000000953674316,3100,140659145127584
31,0.0580604126219789,0.6,3.23909330368042,-2.4000000953674316,3200,140659145127584
32,0.062079692002568125,0.6,3.184258460998535,-2.4000000953674316,3300,140659145127584
33,0.06394329935157644,0.6,3.137272596359253,-2.4000000953674316,3400,140659145127584
34,0.06671489600655092,0.6,3.1004867553710938,-2.4000000953674316,3500,140659145127584
35,0.06783475822142376,0.6,3.057830810546875,-2.4000000953674316,3600,140659145127584
36,0.06982339996839457,0.6,3.029663324356079,-2.4000000953674316,3700,140659145127584
37,0.07409688148420743,0.6,2.99609375,-2.4000000953674316,3800,140659145127584
38,0.07324508990452039,0.6,2.9748451709747314,-2.4000000953674316,3900,140659145127584
39,0.07700295449809046,0.6,2.9428038597106934,-2.4000000953674316,4000,140659145127584
40,0.07902644573038875,0.6,2.917257785797119,-2.4000000953674316,4100,140659145127584
41,0.08121650667878691,0.6,2.894036293029785,-2.4000000953674316,4200,140659145127584
42,0.08108579885850296,0.6,2.8734090328216553,-2.4000000953674316,4300,140659145127584
43,0.08057733231224598,0.6,2.855745792388916,-2.4000000953674316,4400,140659145127584
44,0.08224752153750868,0.6,2.8396389484405518,-2.4000000953674316,4500,140659145127584
45,0.08443789221847835,0.6,2.824410915374756,-2.4000000953674316,4600,140659145127584
46,0.08436148054798448,0.6,2.800175666809082,-2.4000000953674316,4700,140659145127584
47,0.08873643864751339,0.6,2.7902395725250244,-2.4000000953674316,4800,140659145127584
48,0.0843231440219601,0.6,2.7791647911071777,-2.4000000953674316,4900,140659145127584
49,0.0900648300862213,0.6,2.7643773555755615,-2.4000000953674316,5000,140659145127584
50,0.08704001918781473,0.6,2.747753381729126,-2.4000000953674316,5100,140659145127584
51,0.09012027938223012,0.6,2.728306531906128,-2.4000000953674316,5200,140659145127584
52,0.0934151124479771,0.6,2.72012996673584,-2.4000000953674316,5300,140659145127584
53,0.09351598682884807,0.6,2.7062957286834717,-2.4000000953674316,5400,140659145127584
54,0.09003281605325421,0.6,2.702024221420288,-2.4000000953674316,5500,140659145127584
55,0.09479909936121604,0.6,2.6827478408813477,-2.4000000953674316,5600,140659145127584
56,0.09315991201640061,0.6,2.6743390560150146,-2.4000000953674316,5700,140659145127584
57,0.09123210970459956,0.6,2.671159029006958,-2.4000000953674316,5800,140659145127584
58,0.09538201274571945,0.6,2.6620240211486816,-2.4000000953674316,5900,140659145127584
59,0.0929421643723235,0.6,2.664731979370117,-2.4000000953674316,6000,140659145127584
60,0.09584613246033045,0.6,2.6391189098358154,-2.4000000953674316,6100,140659145127584
61,0.09857789878065444,0.6,2.6254990100860596,-2.4000000953674316,6200,140659145127584
62,0.09356423658539008,0.6,2.6285693645477295,-2.4000000953674316,6300,140659145127584
63,0.09384408126179034,0.6,2.6205031871795654,-2.4000000953674316,6400,140659145127584
64,0.09621202786230192,0.6,2.6050002574920654,-2.4000000953674316,6500,140659145127584
65,0.09951225298660599,0.6,2.6001358032226562,-2.4000000953674316,6600,140659145127584
66,0.10119965405165443,0.6,2.594459295272827,-2.4000000953674316,6700,140659145127584
67,0.10199585065626574,0.6,2.5844740867614746,-2.4000000953674316,6800,140659145127584
68,0.10220138531853688,0.6,2.5767760276794434,-2.4000000953674316,6900,140659145127584
69,0.0995571828816856,0.6,2.574624538421631,-2.4000000953674316,7000,140659145127584
70,0.09941442881321141,0.6,2.559731960296631,-2.4000000953674316,7100,140659145127584
71,0.0996201517534188,0.6,2.5537614822387695,-2.4000000953674316,7200,140659145127584
72,0.10125100166853254,0.6,2.5505495071411133,-2.4000000953674316,7300,140659145127584
73,0.10395761273705789,0.6,2.54689621925354,-2.4000000953674316,7400,140659145127584
74,0.10186725549014818,0.6,2.540022373199463,-2.4000000953674316,7500,140659145127584
75,0.10248262109766515,0.6,2.5339887142181396,-2.4000000953674316,7600,140659145127584
76,0.10268724659221372,0.6,2.5370354652404785,-2.4000000953674316,7700,140659145127584
77,0.10484974285888421,0.6,2.5299549102783203,-2.4000000953674316,7800,140659145127584
78,0.10177429077238133,0.6,2.521005868911743,-2.4000000953674316,7900,140659145127584
79,0.10225499694064207,0.6,2.5154449939727783,-2.4000000953674316,8000,140659145127584
80,0.10256780381546915,0.6,2.5109353065490723,-2.4000000953674316,8100,140659145127584
81,0.10238187140857558,0.6,2.5080833435058594,-2.4000000953674316,8200,140659145127584
82,0.1023872265762138,0.6,2.5112967491149902,-2.4000000953674316,8300,140659145127584
83,0.10242660934569114,0.6,2.5009539127349854,-2.4000000953674316,8400,140659145127584
84,0.10241715386068524,0.6,2.494176149368286,-2.4000000953674316,8500,140659145127584
85,0.10360453473718165,0.6,2.496363639831543,-2.4000000953674316,8600,140659145127584
86,0.1071951361440956,0.6,2.4926233291625977,-2.4000000953674316,8700,140659145127584
87,0.10415030672998386,0.6,2.482592821121216,-2.4000000953674316,8800,140659145127584
88,0.10337344006827447,0.6,2.4844202995300293,-2.4000000953674316,8900,140659145127584
89,0.10522700270934224,0.6,2.478492498397827,-2.4000000953674316,9000,140659145127584
0,5.8571990705266656e-05,0.1,8.099337577819824,-1.0,100,140659139518648
1,0.0,0.1,8.33398723602295,-1.0,200,140659139518648
2,0.0,0.1,8.722355842590332,-1.0,300,140659139518648
3,0.00020587001378976968,0.1,8.823333740234375,-1.0,400,140659139518648
4,0.00020203533616759296,0.1,9.180259704589844,-1.0,500,140659139518648
5,0.0001806085452273141,0.1,9.221741676330566,-1.0,600,140659139518648
6,0.0,0.1,9.258527755737305,-1.0,700,140659139518648
7,0.0,0.1,9.412541389465332,-1.0,800,140659139518648
8,0.0,0.1,9.413041114807129,-1.0,900,140659139518648
9,0.0002070692597542347,0.1,9.463208198547363,-1.0,1000,140659139518648
10,0.00010825436395385253,0.1,9.730378150939941,-1.0,1100,140659139518648
11,0.0002012444919699522,0.1,9.682740211486816,-1.0,1200,140659139518648
12,0.00020215581431033127,0.1,9.68709945678711,-1.0,1300,140659139518648
13,0.0002077137697890314,0.1,9.673868179321289,-1.0,1400,140659139518648
14,0.0002507544040974298,0.1,9.683394432067871,-1.0,1500,140659139518648
15,0.00020211475153959963,0.1,9.473979949951172,-1.0,1600,140659139518648
16,0.00014115873874636208,0.1,9.370970726013184,-1.0,1700,140659139518648
17,0.0002786842563579133,0.1,9.536048889160156,-1.0,1800,140659139518648
18,0.00022250418491029142,0.1,9.440139770507812,-1.0,1900,140659139518648
19,0.006229651305256083,0.4,4.185749053955078,-3.5999999046325684,2000,140659139518648
20,0.006852266750697216,0.4,4.188539505004883,-3.5999999046325684,2100,140659139518648
21,0.006580578783859934,0.4,4.164159774780273,-3.5999999046325684,2200,140659139518648
22,0.00678729536473589,0.4,4.146612644195557,-3.5999999046325684,2300,140659139518648
23,0.006163397871900421,0.4,4.130827903747559,-3.5999999046325684,2400,140659139518648
24,0.005788159928940375,0.4,4.1181745529174805,-3.5999999046325684,2500,140659139518648
25,0.005928641868820451,0.4,4.103391170501709,-3.5999999046325684,2600,140659139518648
26,0.005631030473734728,0.4,4.094143867492676,-3.5999999046325684,2700,140659139518648
27,0.005965189663983486,0.4,4.081800937652588,-3.5999999046325684,2800,140659139518648
28,0.005966074053814738,0.4,4.0697922706604,-3.5999999046325684,2900,140659139518648
29,0.048546165957464346,0.32000000000000006,3.356193780899048,-2.880000114440918,3000,140659139518648
30,0.05329497068113177,0.32000000000000006,3.2744946479797363,-2.880000114440918,3100,140659139518648
31,0.05538213107763106,0.32000000000000006,3.2336738109588623,-2.880000114440918,3200,140659139518648
32,0.057456280887464434,0.32000000000000006,3.2007977962493896,-2.880000114440918,3300,140659139518648
33,0.05955462780782601,0.32000000000000006,3.1687068939208984,-2.880000114440918,3400,140659139518648
34,0.06175183182583607,0.32000000000000006,3.138162612915039,-2.880000114440918,3500,140659139518648
35,0.06190045719016585,0.32000000000000006,3.1185619831085205,-2.880000114440918,3600,140659139518648
36,0.06326375796270726,0.32000000000000006,3.092937707901001,-2.880000114440918,3700,140659139518648
37,0.06381590980816211,0.32000000000000006,3.071681261062622,-2.880000114440918,3800,140659139518648
38,0.06636314798518361,0.32000000000000006,3.0542261600494385,-2.880000114440918,3900,140659139518648
39,0.06805638539190734,0.32000000000000006,3.033339262008667,-2.880000114440918,4000,140659139518648
40,0.06941898325314458,0.32000000000000006,3.0105087757110596,-2.880000114440918,4100,140659139518648
41,0.07119666753495457,0.32000000000000006,2.994961738586426,-2.880000114440918,4200,140659139518648
42,0.07143863478939588,0.32000000000000006,2.980231523513794,-2.880000114440918,4300,140659139518648
43,0.07290590661154635,0.32000000000000006,2.963620662689209,-2.880000114440918,4400,140659139518648
44,0.07393290798777379,0.32000000000000006,2.946431875228882,-2.880000114440918,4500,140659139518648
45,0.07520178069812063,0.32000000000000006,2.932661771774292,-2.880000114440918,4600,140659139518648
46,0.07534460900378381,0.32000000000000006,2.916353464126587,-2.880000114440918,4700,140659139518648
47,0.07544409214897384,0.32000000000000006,2.908782958984375,-2.880000114440918,4800,140659139518648
48,0.07724165166773754,0.32000000000000006,2.893205165863037,-2.880000114440918,4900,140659139518648
49,0.0802141083037982,0.32000000000000006,2.879465103149414,-2.880000114440918,5000,140659139518648
50,0.07841890098017658,0.32000000000000006,2.8706560134887695,-2.880000114440918,5100,140659139518648
51,0.08086068087142209,0.32000000000000006,2.852987289428711,-2.880000114440918,5200,140659139518648
52,0.08277154198057647,0.32000000000000006,2.8401601314544678,-2.880000114440918,5300,140659139518648
53,0.0851243692959748,0.32000000000000006,2.831017255783081,-2.880000114440918,5400,140659139518648
54,0.08180231097915748,0.32000000000000006,2.8236708641052246,-2.880000114440918,5500,140659139518648
55,0.08633992827774528,0.32000000000000006,2.8103952407836914,-2.880000114440918,5600,140659139518648
56,0.08603078420842633,0.32000000000000006,2.795640230178833,-2.880000114440918,5700,140659139518648
57,0.08904349906499556,0.32000000000000006,2.787872076034546,-2.880000114440918,5800,140659139518648
58,0.08825601668676304,0.32000000000000006,2.7828891277313232,-2.880000114440918,5900,140659139518648
59,0.08766109886127398,0.32000000000000006,2.768871784210205,-2.880000114440918,6000,140659139518648
60,0.08940823993544653,0.32000000000000006,2.758840560913086,-2.880000114440918,6100,140659139518648
61,0.09118510873719439,0.32000000000000006,2.7484829425811768,-2.880000114440918,6200,140659139518648
62,0.08971092117724622,0.32000000000000006,2.743295907974243,-2.880000114440918,6300,140659139518648
63,0.0913677415259206,0.32000000000000006,2.7306134700775146,-2.880000114440918,6400,140659139518648
64,0.09024398743342163,0.32000000000000006,2.7234559059143066,-2.880000114440918,6500,140659139518648
65,0.09436732169388436,0.32000000000000006,2.715712785720825,-2.880000114440918,6600,140659139518648
66,0.09287023937667435,0.32000000000000006,2.7062647342681885,-2.880000114440918,6700,140659139518648
67,0.09388831262175235,0.32000000000000006,2.70127010345459,-2.880000114440918,6800,140659139518648
68,0.09381731865160263,0.32000000000000006,2.6878974437713623,-2.880000114440918,6900,140659139518648
69,0.09517122269499666,0.32000000000000006,2.6814985275268555,-2.880000114440918,7000,140659139518648
70,0.09551051582146598,0.32000000000000006,2.6735827922821045,-2.880000114440918,7100,140659139518648
71,0.0956597458723389,0.32000000000000006,2.6665923595428467,-2.880000114440918,7200,140659139518648
72,0.09857640639050627,0.32000000000000006,2.656402826309204,-2.880000114440918,7300,140659139518648
73,0.09665980376023221,0.32000000000000006,2.651907444000244,-2.880000114440918,7400,140659139518648
74,0.09777073631508973,0.32000000000000006,2.644127607345581,-2.880000114440918,7500,140659139518648
75,0.09911552771008711,0.32000000000000006,2.6377429962158203,-2.880000114440918,7600,140659139518648
76,0.09938234453822799,0.32000000000000006,2.627976655960083,-2.880000114440918,7700,140659139518648
77,0.09996920124777675,0.32000000000000006,2.6216025352478027,-2.880000114440918,7800,140659139518648
78,0.10048176380513192,0.32000000000000006,2.6172420978546143,-2.880000114440918,7900,140659139518648
79,0.099392476057646,0.32000000000000006,2.610579252243042,-2.880000114440918,8000,140659139518648
80,0.10110147602961671,0.32000000000000006,2.6041345596313477,-2.880000114440918,8100,140659139518648
81,0.10203601451204528,0.32000000000000006,2.5987069606781006,-2.880000114440918,8200,140659139518648
82,0.09871069686909636,0.32000000000000006,2.5947299003601074,-2.880000114440918,8300,140659139518648
83,0.10029338566873378,0.32000000000000006,2.588308095932007,-2.880000114440918,8400,140659139518648
84,0.10525752780609435,0.32000000000000006,2.5813467502593994,-2.880000114440918,8500,140659139518648
85,0.10289471956090973,0.32000000000000006,2.5753467082977295,-2.880000114440918,8600,140659139518648
86,0.10313089290222657,0.32000000000000006,2.5730810165405273,-2.880000114440918,8700,140659139518648
87,0.10416500206583733,0.32000000000000006,2.565309762954712,-2.880000114440918,8800,140659139518648
88,0.10287728730718361,0.32000000000000006,2.5587873458862305,-2.880000114440918,8900,140659139518648
89,0.10437073931051057,0.32000000000000006,2.5556957721710205,-2.880000114440918,9000,140659139518648
